instance,N,M,Seed,S1_prop,S1_acc,S1_gbest,S2_prop,S2_acc,S2_gbest,S4_prop,S4_acc,S4_gbest,S5_prop,S5_acc,S5_gbest,S2_strict,total_prop,S1_prop_share,S2_prop_share,S4_prop_share,S5_prop_share,S1_acc_rate,S2_acc_rate,S4_acc_rate,S5_acc_rate,final_bestZ,best_at_iter,final_iter,final_time_s,iters_per_sec,pm_peak,pm_final,ccrit_peak,restarts,total_prop_per_iter,gain_frac_by_10pct_iters,bestZ_at_iter10pct,incumbent_accepted_jobs,reject_count,reject_frac,incumbent_tardiness,incumbent_revenue,m0_size_final,pm_nstrong_mean,pm_nweak_mean,pm_ncrit_mean,pm_score_min,pm_created_total,pm_deleted_total,distinct_full_min,ham_order_mean_first,ham_order_mean_last,obj_std_first,obj_std_last,best_events_n,gain_frac_first10pct_events,njobs_changed_mean,elite_count,elite_distinct_order,elite_distinct_full,pm_warn_hit,restart_lines
N30_M3_S10,30,3,10,4203900,1401300,17,14043415,2701029,62,274180,518,3,78761177,3439,31,5333,97282672,0.043213245623023186,0.1443567976833531,0.0028183847581818066,0.8096115719354419,0.3333333333333333,0.1923342007624214,0.0018892698227441827,4.3663644081905986e-05,2140.676758,24248.0,46710.0,120.014,389.21,758.0,81.0,317.0,17.0,2082.6947548704775,0.9978166329035187,2134.125488,16.0,14.0,0.4666666666666667,151.65,2648.25,22.0,31.164529914529915,28.28205128205128,9.106837606837606,-257.758148,9683,9602,30,29.0023,28.7126,1460.3738,43.7176,27,0.32008524280380085,22.88888888888889,5,5,5,False,17
N30_M3_S20,30,3,20,4500000,1500000,28,14291188,2700682,122,58884,473,6,75409156,4697,62,4989,94259228,0.04774068380869829,0.1516157972352585,0.0006247027611980866,0.8000188161948452,0.3333333333333333,0.18897533221170976,0.008032742340873582,6.228686606703302e-05,2250.540771,17392.0,50000.0,117.732,424.69,786.0,70.0,329.0,16.0,1885.18456,0.9940408210055766,2234.849121,17.0,13.0,0.43333333333333335,105.14,2538.73,18.0,33.075848303393215,30.67864271457086,9.239520958083832,-312.65506,8853,8783,30,29.0391,28.5885,1421.9649,25.2823,45,0.5898899333406157,21.044444444444444,5,5,5,False,16
N30_M3_S30,30,3,30,4450590,1483530,16,18953072,3078055,33,286675,454,1,69988626,4035,21,4621,93678963,0.04750895886838542,0.20231940441099888,0.003060185454871015,0.7471114512657447,0.3333333333333333,0.16240401556011605,0.0015836748931717102,5.765222480578487e-05,2554.703369,16553.0,49451.0,120.003,412.08,761.0,92.0,279.0,17.0,1894.3795474307901,0.9829342253715772,2527.369629,18.0,12.0,0.4,63.95,2826.05,17.0,35.8,36.84444444444444,7.349494949494949,-308.036377,9411,9319,30,28.977,28.5287,1517.4525,30.2887,25,0.14662712078543438,18.64,5,5,5,False,17
N30_M6_S10,30,6,10,3894390,1298130,31,13503554,3193193,72,574545,413,5,68160133,2876,34,2274,86132622,0.045213879591404986,0.15677630247921628,0.006670469174849919,0.7913393487545288,0.3333333333333333,0.23647056174989192,0.0007188296826184198,4.219475334650535e-05,3383.770264,32970.0,43271.0,120.006,360.57,757.0,130.0,184.0,11.0,1990.539206396894,0.9693552960816376,3331.68335,24.0,6.0,0.2,93.2,3676.25,10.0,47.74364896073903,54.34872979214781,4.625866050808314,-180.946289,5678,5548,30,29.0023,28.554,708.9583,34.8124,42,0.5277157982954761,21.285714285714285,5,5,5,False,11
N30_M6_S20,30,6,20,4266450,1422150,28,13168468,3263751,69,618422,456,1,63215365,4143,39,2547,81268705,0.05249806798324152,0.16203614909330719,0.007609595846273175,0.7778561870771781,0.3333333333333333,0.2478459149538124,0.0007373605725540165,6.553786409364243e-05,3397.226074,18224.0,47405.0,120.002,395.03,791.0,133.0,173.0,13.0,1714.3488028688957,0.981820895228191,3366.920166,27.0,3.0,0.1,99.22,3722.79,10.0,51.52,56.56,3.738947368421053,-195.075073,7172,7039,30,29.0391,28.5011,871.8466,29.1053,44,0.4909669028364247,22.09090909090909,5,5,5,False,13
N30_M6_S30,30,6,30,4015800,1338600,23,14636900,2687218,34,907086,461,2,71615224,4060,20,2627,91175010,0.04404496363641748,0.1605363136236563,0.00994884453536117,0.785469878204565,0.3333333333333333,0.18359201743538592,0.000508220830218965,5.6691856468954145e-05,3870.594727,43348.0,44620.0,120.015,371.79,775.0,155.0,157.0,14.0,2043.3664276109369,0.9771464675497872,3843.954834,25.0,5.0,0.16666666666666666,23.52,3947.28,9.0,55.391498881431765,64.0738255033557,4.082774049217003,-195.717514,7086,6931,30,28.977,28.5954,913.4741,30.8004,41,0.46023549856775986,20.951219512195124,5,5,5,False,14
N30_M9_S10,30,9,10,4500000,1500000,25,12210260,3544900,26,996103,783,3,40014677,5260,36,2588,57721040,0.07796117325675352,0.21153915452666827,0.0172571907921271,0.6932424814244511,0.3333333333333333,0.2903214182171387,0.0007860632886358137,0.00013145176706037137,4228.847168,29292.0,50000.0,108.67,460.11,751.0,150.0,99.0,20.0,1154.4208,0.9865733700832314,4213.364746,30.0,0.0,0.0,53.7,4405.05,3.0,56.50898203592814,65.05788423153693,3.75249500998004,-194.578217,8366,8216,30,29.0023,28.508,646.835,33.3284,43,0.26260477381334535,19.813953488372093,5,5,5,False,20
N30_M9_S20,30,9,20,4500000,1500000,20,10475881,3153461,28,1517895,908,1,37279162,6395,36,2555,53772938,0.08368521727416121,0.19481697280516827,0.02822786063874732,0.6932699492819232,0.3333333333333333,0.30102107879995965,0.0005981968449728077,0.0001715435556196247,4063.025879,20804.0,50000.0,97.241,514.19,764.0,180.0,96.0,22.0,1075.45876,0.9911990212125598,4053.141602,30.0,0.0,0.0,6.03,4081.78,3.0,60.95409181636727,74.35528942115768,2.499001996007984,-163.52655,10868,10688,30,29.0391,28.6437,507.0852,33.2253,37,0.15671420932174782,22.27027027027027,5,3,3,False,22
N30_M9_S30,30,9,30,4500000,1500000,30,12658188,3850624,49,1875133,961,3,34874265,7181,21,3074,53907586,0.08347619201497912,0.2348127404554899,0.03478421385813863,0.6469268536713924,0.3333333333333333,0.3042002536223984,0.0005124969802142035,0.00020591114966867402,4643.430176,4637.0,50000.0,99.213,503.96,765.0,189.0,82.0,22.0,1078.15172,1.0,4643.430176,30.0,0.0,0.0,3.72,4658.57,1.0,62.21756487025948,80.11776447105788,2.656686626746507,-98.269341,10829,10640,30,28.977,28.5747,682.5962,21.5151,49,0.44237022662964626,20.775510204081634,5,5,5,False,22
N50_M3_S10,50,3,10,2846340,948780,23,12569986,2298340,151,173120,445,9,98909152,3265,54,6257,114498598,0.024859169017947276,0.10978288135894904,0.0015119835790478413,0.8638459660440558,0.3333333333333333,0.18284348128947797,0.00257047134935305,3.30100899055327e-05,3178.36499,21240.0,31626.0,120.008,263.53,1932.0,132.0,992.0,7.0,3620.394548788971,0.9939933591918028,3112.678711,22.0,28.0,0.56,151.7,3628.47,35.0,47.72555205047318,56.07570977917981,17.230283911671926,-611.189453,10881,10749,30,49.0253,48.5494,2783.2149,41.0651,49,0.6933584565614352,34.0,5,1,1,False,7
N50_M3_S20,50,3,20,2959830,986610,25,11979269,2513828,117,81991,507,6,96326563,3522,63,6902,111347653,0.026581880446101543,0.10758438707280162,0.0007363513984439349,0.8650973810826529,0.3333333333333333,0.20984819691418566,0.00618360551767877,3.6563123299644775e-05,2970.563232,25439.0,32887.0,120.015,274.02,1879.0,104.0,982.0,8.0,3385.7649831240306,0.9943126013377103,2921.466309,22.0,28.0,0.56,174.97,3477.32,34.0,36.16413373860183,43.45592705167173,19.25531914893617,-705.748169,12357,12253,30,49.0483,48.5678,3598.9237,39.5515,50,0.6711307858609722,37.3,5,5,5,False,8
N50_M3_S30,50,3,30,2898000,966000,20,10678392,2193680,200,165410,556,14,102425525,3572,59,8298,116167327,0.024946773545026134,0.09192250760835703,0.0014238943450941245,0.8817068245015227,0.3333333333333333,0.20543167922661015,0.0033613445378151263,3.487411951268983e-05,2877.521973,14037.0,32200.0,120.014,268.3,1893.0,122.0,1006.0,10.0,3607.6809627329194,0.9961697670946453,2833.683594,19.0,31.0,0.62,118.5,3265.67,38.0,49.628482972136226,46.95665634674923,23.820433436532507,-664.227112,14136,14014,30,48.9241,48.6575,3334.2828,44.0494,32,0.35655935428359015,38.21875,5,5,5,False,10
N50_M6_S10,50,6,10,2227410,742470,28,12536860,2757804,128,287460,648,5,93782519,3892,75,5074,108834249,0.020466075894914292,0.11519223144545243,0.0026412641483840255,0.8617004285112493,0.3333333333333333,0.2199756557862176,0.0022542266750156543,4.150027149515999e-05,4952.306641,17157.0,24749.0,120.0,206.24,1903.0,260.0,689.0,7.0,4397.521071558447,0.9928018247894892,4912.57666,34.0,16.0,0.32,207.28,5630.97,24.0,94.25,101.12903225806451,17.137096774193548,-459.74408,9909,9649,30,49.0253,48.6,1837.5559,31.6654,56,0.6212381727539208,29.196428571428573,5,5,5,False,7
N50_M6_S20,50,6,20,2178090,726030,38,12072042,2704066,168,489446,608,7,100553572,3356,49,4547,115293150,0.018891755494580553,0.10470736552865456,0.00424523052757254,0.8721556484491924,0.3333333333333333,0.22399408484496658,0.0012422207965740858,3.3375243994315784e-05,4716.522461,13877.0,24201.0,120.012,201.65,1899.0,239.0,691.0,6.0,4763.982893268873,0.9859349096644963,4629.524414,33.0,17.0,0.34,168.04,5249.22,26.0,81.3127572016461,93.81893004115226,15.946502057613168,-343.124023,8899,8660,30,49.0483,48.5563,1485.8199,41.4921,58,0.6172014317570832,31.086206896551722,5,5,5,False,6
N50_M6_S30,50,6,30,2245680,748560,40,9194725,2411497,259,289536,622,11,106402247,3587,69,5450,118132188,0.019009890852102054,0.07783420552576238,0.0024509492704901056,0.9007049543516454,0.3333333333333333,0.26226961654644376,0.0021482648099027408,3.371169407728767e-05,4567.736328,4704.0,24952.0,120.015,207.91,1910.0,219.0,777.0,7.0,4734.377524847708,0.9911768181808623,4507.600586,31.0,19.0,0.38,159.59,5081.9099,31.0,80.208,83.148,18.708,-356.221588,10409,10190,30,48.9241,48.6805,1582.1189,44.9878,66,0.7193113775068835,34.13636363636363,5,5,5,False,7
N50_M9_S10,50,9,10,2114550,704850,44,15403305,3195822,149,395915,404,7,82935205,2852,46,2384,100848975,0.020967491241234728,0.15273635651725762,0.003925820763175828,0.8223703314783318,0.3333333333333333,0.20747638250362505,0.0010204210499728478,3.438829143787611e-05,6323.985352,11227.0,23495.0,120.022,195.76,1897.0,305.0,483.0,4.0,4292.359012555863,0.9838647319030862,6256.850098,42.0,8.0,0.16,161.83,6814.66,10.0,109.0936170212766,127.88085106382978,8.076595744680851,-298.25946,6368,6065,30,49.0253,48.5701,1276.0732,23.1603,65,0.582599028496913,22.876923076923077,5,5,5,False,4
N50_M9_S20,50,9,20,2242530,747510,50,14773372,3345768,195,761682,580,11,88873820,2820,66,2520,106651404,0.021026727411858546,0.13852018300668598,0.007141790650969771,0.8333112989304857,0.3333333333333333,0.22647287295006177,0.0007614726355618224,3.173037909251566e-05,6013.550781,14609.0,24917.0,120.015,207.62,1849.0,339.0,489.0,4.0,4280.266645262271,0.9785028164348287,5929.706543,42.0,8.0,0.16,161.42,6523.94,14.0,99.392,129.692,7.896,-279.614044,6341,6002,30,49.0483,48.5494,1501.7668,45.2071,84,0.6067010542956632,35.583333333333336,5,5,5,False,4
N50_M9_S30,50,9,30,2205000,735000,51,11142198,2799126,301,865900,626,16,98279895,2941,74,3287,112492993,0.019601220851151145,0.09904792914524019,0.007697368315198085,0.8736534816884106,0.3333333333333333,0.2512184759236912,0.0007229472225430188,2.9924736895577676e-05,5827.876465,23716.0,24500.0,119.989,204.18,1881.0,328.0,587.0,5.0,4591.5507346938775,0.9806992537488907,5737.738281,41.0,9.0,0.18,197.25,6443.8399,19.0,111.369918699187,121.91869918699187,10.804878048780488,-309.295837,7088,6760,30,48.9241,48.5379,1257.4015,48.9686,75,0.6549244730930256,32.626666666666665,5,5,5,False,5
N100_M3_S10,100,3,10,1800000,600000,30,8028044,1918694,497,30462,586,31,151507753,3080,99,12982,161366259,0.011154748279812325,0.04975044999958758,0.00018877552338869056,0.9389060261972114,0.3333333333333333,0.2389989392185693,0.019237082266430307,2.0328992668777814e-05,3053.804688,18335.0,20000.0,146.437,136.58,5880.0,170.0,3867.0,5.0,8068.31295,0.9981740772477095,2929.952148,22.0,78.0,0.78,232.01,3710.47,95.0,63.840796019900495,66.09950248756219,89.50248756218906,-1551.670532,22394,22224,30,99.0989,98.692,10125.1945,88.0985,65,0.4919665158365687,68.38461538461539,10,5,5,True,5
N100_M3_S20,100,3,20,1800000,600000,27,8415765,1725704,384,44215,741,23,147503025,3323,66,15068,157763005,0.011409518980701465,0.05334435028034614,0.0002802621565176196,0.9349658685824348,0.3333333333333333,0.2050561060105647,0.0167590184326586,2.252835153719729e-05,2921.281006,14078.0,20000.0,140.336,142.51,5886.0,160.0,3872.0,6.0,7888.15025,0.9979453561359359,2804.099121,23.0,77.0,0.77,346.54,3821.93,93.0,68.0,65.42786069651741,89.08955223880596,-1615.483276,27085,26925,30,98.9218,98.731,11314.4127,96.9366,63,0.5394170138022018,66.12698412698413,10,5,5,True,6
N100_M3_S30,100,3,30,1800000,600000,36,10858500,1743489,293,77077,648,20,148144669,3522,76,12770,160880246,0.01118844634287792,0.06749430256341105,0.00047909548820555635,0.9208381556055055,0.3333333333333333,0.1605644426025694,0.00840717723834607,2.3774058315929007e-05,3305.629395,10815.0,20000.0,143.875,139.01,5790.0,186.0,3726.0,5.0,8044.0123,0.9985360678424385,3208.387695,25.0,75.0,0.75,242.14,3976.2,92.0,66.70646766169155,69.70149253731343,75.95024875621891,-1326.932617,22923,22737,30,98.9885,98.6414,8968.3579,95.0415,68,0.7016744510514198,71.11764705882354,10,5,5,True,5
N100_M6_S10,100,6,10,1800000,600000,43,15010934,3563031,662,39408,449,33,251387843,2721,115,7989,268238185,0.006710453994460185,0.05596121223382122,0.00014691420611871497,0.9371814195655999,0.3333333333333333,0.23736237865012264,0.011393625659764515,1.0823912435574698e-05,5172.055664,18670.0,20000.0,238.514,83.85,6024.0,364.0,3498.0,2.0,13411.90925,0.9949176143786136,4981.388672,38.0,62.0,0.62,411.52,6277.1,85.0,123.69651741293532,136.23383084577114,39.875621890547265,-855.535889,12701,12337,30,99.0989,98.6115,5742.7275,128.82,91,0.9045437433899111,69.56043956043956,10,5,5,True,2
N100_M6_S20,100,6,20,1800000,600000,54,13803010,2967157,551,258314,494,19,242774099,2541,98,7690,258635423,0.00695960351881111,0.05336859831454719,0.0009987572351989851,0.9386730409314427,0.3333333333333333,0.2149644896294359,0.0019124011861532864,1.0466520153782962e-05,5034.02002,18819.0,20000.0,226.955,88.12,5985.0,364.0,3386.0,2.0,12931.77115,0.9946836137467155,4860.824707,38.0,62.0,0.62,365.45,6053.18,80.0,119.59203980099502,126.3681592039801,38.233830845771145,-914.216919,12802,12438,30,98.9218,98.6644,5807.0203,80.5077,97,0.8614959657024069,64.24742268041237,10,5,5,True,2
N100_M6_S30,100,6,30,1800000,600000,53,15235733,3124895,981,147530,484,49,240198051,2857,164,7911,257381314,0.006993514688482786,0.05919517918072328,0.0005731962344399251,0.933238109896354,0.3333333333333333,0.20510302983125261,0.0032806886734901377,1.1894351299295097e-05,5351.92627,19926.0,20000.0,228.579,87.5,5982.0,394.0,3368.0,2.0,12869.0657,0.9955002848821706,5179.484863,39.0,61.0,0.61,297.52,6197.52,78.0,136.47761194029852,146.09452736318408,40.223880597014926,-793.136719,12372,11978,30,98.9885,98.6805,6263.7263,58.1884,97,0.8562502813810826,67.01030927835052,10,5,5,True,2
N100_M9_S10,100,9,10,1614420,538140,53,16229103,4098312,920,326555,249,41,271147916,1714,156,3659,289317994,0.005580088461417993,0.05609434372063288,0.001128706152995102,0.9371968616649541,0.3333333333333333,0.25252855934181945,0.000762505550366707,6.3212729984618435e-06,6859.527344,16391.0,17938.0,300.011,59.79,5831.0,510.0,2983.0,0.0,16128.776563719479,0.9913560648344432,6628.84668,50.0,50.0,0.5,399.71,7952.4,67.0,172.94444444444446,191.15,16.788888888888888,-773.761658,6049,5539,30,99.0989,98.5678,3543.8209,52.0006,107,0.8749247639186365,66.11214953271028,5,5,5,True,0
N100_M9_S20,100,9,20,1800000,600000,52,16818677,4112420,800,227015,420,36,295706952,2454,160,5374,314552644,0.00572241255743506,0.05346856025791346,0.0007217074926256223,0.9400873196920259,0.3333333333333333,0.24451507095355954,0.001850098011144638,8.29875653379972e-06,6848.631836,15520.0,20000.0,289.111,69.18,5960.0,484.0,2996.0,1.0,15727.6322,0.9875161085461319,6540.500977,53.0,47.0,0.47,496.88,8272.98,68.0,166.34825870646767,181.2636815920398,24.422885572139304,-505.991882,9577,9093,30,98.9218,98.6437,3646.9404,52.0175,112,0.8769338300354886,63.99107142857143,10,5,5,True,1
N100_M9_S30,100,9,30,1800000,600000,63,15284414,3852467,616,214573,806,25,286543676,4436,80,10828,303842663,0.0059241186942861936,0.05030371261589423,0.0007061977336605953,0.943065970956159,0.3333333333333333,0.2520519923105982,0.0037562973906316265,1.5481060555669006e-05,7124.931152,10612.0,20000.0,280.534,71.29,5915.0,585.0,2950.0,4.0,15192.13315,0.9902759405508995,6891.237793,52.0,48.0,0.48,374.94,8244.77,71.0,193.43283582089552,200.89054726368158,51.44278606965174,-650.955933,19158,18573,30,98.9885,98.6092,3945.281,113.2139,102,0.871236699996302,62.0,10,5,5,True,4
N150_M3_S10,150,3,10,3000000,600000,32,15370348,2342776,875,48766,830,39,246956246,3638,136,20998,265375360,0.011304742083063025,0.05791927328897453,0.00018376235080755048,0.9305922222771549,0.2,0.1524217929223203,0.017020054956322028,1.473135447645248e-05,3572.80127,19071.0,20000.0,238.547,83.84,9648.0,269.0,8561.0,5.0,13268.768,0.9993487366494433,3468.062256,27.0,123.0,0.82,305.56,4466.31,143.0,90.6268656716418,91.08955223880596,184.3781094527363,-1951.66272,37795,37526,30,149.0598,148.7724,23180.8634,119.1785,65,0.714358054938312,99.6923076923077,20,10,10,True,5
N150_M3_S20,150,3,20,3000000,600000,30,12770176,2217549,828,96414,682,34,236791435,3633,142,17902,252658025,0.011873757027903626,0.05054332234252207,0.00038159880336276675,0.9372013218262115,0.2,0.17365062157326572,0.007073661501441699,1.5342615749594152e-05,4043.001465,14168.0,20000.0,225.78,88.58,9773.0,257.0,8595.0,4.0,12632.90125,0.9988374382350386,3874.168213,29.0,121.0,0.8066666666666666,410.51,5082.52,139.0,92.64179104477611,93.39800995024876,158.19900497512438,-1792.682495,31931,31674,30,148.9931,148.8,18758.0598,153.1558,73,0.7746324279005891,104.61643835616438,20,2,2,True,4
N150_M3_S30,150,3,30,3000000,600000,29,11690358,2076764,742,51051,579,40,261068258,3035,127,15077,275809667,0.01087706617621927,0.04238559919656478,0.0001850950351207233,0.9465522395920952,0.2,0.1776475964209137,0.011341599576893695,1.1625312181766655e-05,3794.548096,18439.0,20000.0,243.225,82.23,9622.0,253.0,8497.0,3.0,13790.48335,0.9991286380979886,3655.971191,27.0,123.0,0.82,328.09,4591.15,133.0,95.09950248756219,98.53731343283582,148.1492537313433,-2175.220947,23911,23658,30,148.9839,148.6667,24301.2466,55.7249,68,0.7640158394157169,103.29411764705883,20,10,10,True,3
N150_M6_S10,150,6,10,2265000,453000,40,17704016,3017354,1729,120701,380,78,317430392,2510,191,10136,337520109,0.006710711272020832,0.05245321842438727,0.00035761128531752165,0.9404784590182744,0.2,0.17043330733546558,0.003148275490675305,7.907245378067013e-06,6157.993164,9657.0,15100.0,300.014,50.33,10179.0,502.0,8126.0,1.0,22352.325099337748,0.9974501134394267,5877.236328,46.0,104.0,0.6933333333333334,505.26,7678.83,132.0,170.2171052631579,178.95394736842104,105.60526315789474,-1493.691895,15975,15473,30,149.0598,148.6805,10850.5799,93.7433,96,0.97467364051259,105.98958333333333,10,10,10,True,1
N150_M6_S20,150,6,20,2282100,456420,42,12752936,2607786,1298,119681,675,79,320185550,4161,219,16515,335340267,0.0068053264835028,0.0380298379138584,0.00035689421097765154,0.9548079413916611,0.2,0.20448514757699718,0.005639992981342067,1.2995589588599486e-05,6699.353516,14802.0,15214.0,300.036,50.71,9941.0,516.0,7777.0,3.0,22041.558235835415,0.9978790341724784,6497.922852,46.0,104.0,0.6933333333333334,434.54,7846.44,126.0,175.5032679738562,178.3921568627451,163.69281045751634,-1039.009155,27203,26686,30,148.9931,148.6276,8621.2912,133.0942,101,0.967382591290823,104.23762376237623,10,10,10,True,3
N150_M6_S30,150,6,30,2214300,442860,41,13745038,2623509,992,105483,374,59,320339463,2775,158,9873,336404284,0.0065822586254579325,0.04085868894582805,0.0003135602161356542,0.9522454922125784,0.2,0.19086953415479826,0.0035455950247907245,8.662685433795586e-06,6240.113281,11556.0,14762.0,300.014,49.2,10035.0,544.0,7745.0,1.0,22788.530280449802,0.9981470853012236,6065.879883,46.0,104.0,0.6933333333333334,505.96,7665.07,126.0,179.33783783783784,195.5810810810811,106.11486486486487,-1102.358765,16011,15467,30,148.9839,148.7425,11039.5975,76.4378,99,0.9696754824389525,84.66666666666667,10,10,10,True,1
N150_M9_S10,150,9,10,1690950,338190,60,14888135,2802002,2416,48447,431,105,309038687,2816,187,9725,325666219,0.005192279399417844,0.045715932852096026,0.00014876274287447665,0.9489430250056117,0.2,0.18820369374673188,0.00889631968955766,9.112127764120354e-06,8361.817383,11199.0,11273.0,300.046,37.57,9811.0,765.0,7007.0,1.0,28889.04630533132,0.997116358576711,8163.852051,62.0,88.0,0.5866666666666667,575.4901,10237.18,118.0,263.17699115044246,271.4424778761062,126.929203539823,-936.488831,14945,14184,30,149.0598,148.6069,8021.3303,153.6305,113,0.956440408830416,103.30088495575221,10,10,10,True,1
N150_M9_S20,150,9,20,1704000,340800,60,12353035,2561497,2878,96314,257,119,309420985,2219,246,6431,323574334,0.005266177879238098,0.03817680731129929,0.00029765648841604354,0.9562593583210466,0.2,0.20735770602123285,0.002668355586934402,7.171459298405375e-06,8836.839844,11233.0,11360.0,300.039,37.86,9858.0,710.0,6862.0,0.0,28483.65616197183,0.9961886856951864,8589.081055,62.0,88.0,0.5866666666666667,480.41,10205.0,113.0,217.5438596491228,232.60526315789474,86.06140350877193,-813.374512,10012,9297,30,148.9931,148.5816,5477.1288,67.6945,124,0.9559408433848973,93.36290322580645,10,10,10,True,0
N150_M9_S30,150,9,30,1679850,335970,56,13885019,2925713,2417,129820,238,97,306107064,2248,210,6402,321801753,0.0052201393694707434,0.04314774195776367,0.00040341607461659787,0.951228702598149,0.2,0.21071004656169356,0.0018333076567555076,7.343835750226267e-06,8280.515625,9743.0,11199.0,300.04,37.32,9820.0,767.0,6901.0,0.0,28734.86498794535,0.995912444118424,8013.323242,61.0,89.0,0.5933333333333334,587.53,9890.42,107.0,246.16964285714286,263.60714285714283,87.875,-853.198853,10018,9241,30,148.9839,148.6598,7214.3971,44.1477,121,0.9573078055141352,99.2396694214876,10,10,10,True,0
N200_M3_S10,200,3,10,2959650,591930,30,14779249,2325439,770,105394,847,34,319057622,3635,107,24983,336901915,0.00878490108908998,0.043868106240951464,0.0003128328908430218,0.9470341597791155,0.2,0.15734486914727536,0.008036510617302694,1.1392926384939959e-05,3816.718262,12840.0,19731.0,300.021,65.77,13978.0,315.0,12751.0,4.0,17074.751153007957,0.9996013441552993,3697.09668,29.0,171.0,0.855,425.92,4949.72,190.0,107.31313131313131,114.54040404040404,242.81313131313132,-2675.579346,45410,45095,30,198.9701,198.7172,30341.6421,95.7688,78,0.7009980647665462,135.12820512820514,10,7,7,True,4
N200_M3_S20,200,3,20,2932200,586440,32,13327534,2167157,1077,60970,971,43,313225113,4296,159,29119,329545817,0.008897700558584241,0.040442127657168835,0.00018501221030519104,0.9504751595739417,0.2,0.16260750113261763,0.015925865179596523,1.3715375369662648e-05,3881.421631,18088.0,19548.0,300.022,65.16,14212.0,301.0,12962.0,5.0,16858.288162471865,0.9994560261321028,3724.916992,29.0,171.0,0.855,396.81,4873.37,191.0,108.09183673469387,113.65306122448979,279.07142857142856,-2789.891602,54134,53832,30,199.0322,198.6805,29629.9119,107.3173,90,0.7724645566477868,133.0222222222222,10,10,10,True,5
N200_M3_S30,200,3,30,2729100,545820,36,13333264,2005481,443,45145,686,14,300695571,3191,86,20537,316803080,0.00861449958125407,0.042086914053992154,0.00014250177113177056,0.949156084593622,0.2,0.15041185714165714,0.01519548122715694,1.0612061858403627e-05,4041.766113,15403.0,18194.0,300.027,60.64,14284.0,291.0,13044.0,3.0,17412.503022974608,0.999498131990813,3903.520508,30.0,170.0,0.85,390.25,5143.63,189.0,102.71428571428571,110.86813186813187,217.43956043956044,-2845.822998,38123,37833,30,199.0483,198.7586,34803.7392,82.3665,89,0.7585188805482763,139.02247191011236,10,10,10,True,3
N200_M6_S10,200,6,10,1464300,292860,44,11484844,2052222,1503,33924,467,65,292023558,2884,181,14007,305006626,0.004800879309421953,0.037654408202922124,0.00011122381321643812,0.9574334886744394,0.2,0.17868958429039175,0.013766065322485557,9.875915558839949e-06,6553.092773,9112.0,9762.0,300.052,32.53,15094.0,620.0,12718.0,1.0,31244.276377791437,0.9989334250015768,6361.694824,49.0,151.0,0.755,578.34,8196.2401,180.0,202.90816326530611,224.73469387755102,250.57142857142858,-1667.819336,23640,23023,30,198.9701,198.6069,13946.7696,184.0719,86,0.9081716156353294,123.26744186046511,10,10,10,True,1
N200_M6_S20,200,6,20,1625250,325050,40,11469846,2134894,943,17624,471,33,318518501,2821,115,13647,331631221,0.004900775008755885,0.034586146519660764,5.3143367946047514e-05,0.9604599351036373,0.2,0.18613100821057232,0.026724920562868817,8.856628394091305e-06,6584.663086,10163.0,10835.0,300.036,36.11,14765.0,658.0,12379.0,1.0,30607.40387632672,0.9984864107510669,6329.898926,51.0,149.0,0.745,649.24,8336.11,175.0,199.19266055045873,230.0091743119266,219.6880733944954,-1752.813232,23168,22508,30,199.0322,198.6069,17326.7906,86.9388,111,0.983280524226155,127.69369369369369,10,10,10,True,1
N200_M6_S30,200,6,30,1598550,319710,47,12612204,2339126,2132,9563,274,88,312746488,2153,215,9013,326966805,0.004889028413755947,0.03857334691819862,2.924761735369436e-05,0.9565083770506917,0.2,0.1854652842595949,0.02865209662239883,6.884170031031651e-06,6880.745117,10466.0,10657.0,300.037,35.52,14739.0,628.0,12423.0,0.0,30680.94257295674,0.9983150731653255,6582.741699,52.0,148.0,0.74,583.04,8525.44,174.0,205.06542056074767,218.57943925233644,156.55140186915887,-1663.424683,14929,14299,30,199.0483,198.6069,16401.8854,65.7756,112,0.9747266344435488,147.74107142857142,10,10,10,True,0
N200_M9_S10,200,9,10,1153050,230610,38,10552492,2175700,2631,36265,290,112,305458438,2495,250,9014,317200245,0.0036350854647038498,0.03326760356064668,0.00011432841106412133,0.9629829825635854,0.2,0.20617878696330685,0.007996691024403695,8.16805067273997e-06,8857.237305,6881.0,7687.0,300.027,25.62,14477.0,913.0,11262.0,0.0,41264.50435800703,0.9980357142650964,8614.041016,67.0,133.0,0.665,707.5899,10886.24,165.0,291.6753246753247,305.16883116883116,201.11688311688312,-1221.655273,14664,13752,30,198.9701,198.6897,9642.7132,68.1008,114,0.9692560999731281,143.06140350877192,10,10,10,True,0
N200_M9_S20,200,9,20,1161450,232290,54,11474360,2284950,3368,50591,327,140,303220323,2533,275,9024,315906724,0.0036765599202630457,0.036321987245830197,0.000160145372530912,0.9598413074613759,0.2,0.19913528946276743,0.006463600245102884,8.353661703605534e-06,8999.894531,7572.0,7743.0,300.016,25.81,14505.0,901.0,11163.0,0.0,40799.00865297688,0.9970962283147429,8619.477539,68.0,132.0,0.66,636.15,10693.55,164.0,273.28205128205127,325.3974358974359,197.5,-1211.779541,14643,13743,30,199.0322,198.5402,11420.6032,85.9781,140,0.9753695612311485,119.93571428571428,10,10,10,True,0
N200_M9_S30,200,9,30,1168500,233700,60,10790352,2159059,3684,54061,299,147,302706184,2569,264,9211,314719097,0.003712834750539463,0.034285660142193405,0.00017177540389295157,0.9618297297033742,0.2,0.2000916188832394,0.005530789293575775,8.486777395997962e-06,9276.639648,7050.0,7790.0,300.032,25.96,14870.0,946.0,11449.0,0.0,40400.39756097561,0.996398825261641,8804.326172,67.0,133.0,0.665,597.34,11004.85,164.0,293.53846153846155,326.35897435897436,202.44871794871796,-1135.795532,15128,14186,30,199.0483,198.7655,8492.0777,98.9837,118,0.969140753904199,126.40677966101696,10,10,10,True,0
